chr	pos	gene	End_Position	category	ref	alt	protein_mutation	biallelic
chr10	1162730	MYO1A	1162730	3'UTR	C	A	p.V91V	
chr10	23199206	TCF20	23199206	Nonsense_Mutation	G	T	p.E1374X	
chr10	24136592	EP300	24136592	Missense_Mutation	C	A	p.M213I	
chr10	25163341	GRAP2	25163341	Silent	C	T	p.R61R	
chr10	46150784	PLEKHH2	46150784	Missense_Mutation	T	G	p.I95R	
chr11	22468383	CDKL3	22468383	Missense_Mutation	C	A	p.G582W	
chr11	2973221	CLK4	2973221	Missense_Mutation	T	G	p.D142E	
chr11	60565481	OR13F1B	60565481	Missense_Mutation	C	A	p.R307M	
chr12	1248125	VWA7	1248125	Missense_Mutation	G	T	p.P582T	
chr12	17326487	MMUT	17326487	Missense_Mutation	G	T	p.A456D	
chr12	17404831	ENSCAFG00000002133	17404831	Silent	G	T	p.P303P	
chr12	19674083	PKHD1	19674083	Missense_Mutation	C	A	p.A1278S	
chr12	408822	ABCF1	408822	Silent	G	T	p.T667T	
chr12	47051483	ORC3	47051483	Nonsense_Mutation	G	T	p.E27X	
chr12	48586239	RRAGD	48586239	Missense_Mutation	C	A	p.A348S	
chr13	22187349	FER1L6	22187349	Silent	C	A	p.S161S	
chr13	38104627	RPL8	38104627	Missense_Mutation	C	A	p.S223Y	
chr13	44397144	FRYL	44397144	Missense_Mutation	G	C	p.A806G	
chr14	45154668	ENSCAFG00000048828	45154668	RNA	G	C	p.C258S	
chr15	17225440	OR4N2	17225440	Missense_Mutation	C	G	p.V277L	
chr16	1968783	EZH2	1968783	Nonsense_Mutation	G	T	p.G155X	
chr16	28334681	KCNU1	28334681	Missense_Mutation	G	T	p.Q1039K	
chr16	7066272	MGAM2	7066272	Missense_Mutation	C	A	p.M1131I	
chr17	23013514	ALK	23013514	Silent	G	T	p.T1402T	
chr17	37949610	EIF2AK3	37949610	Missense_Mutation	G	A	p.M942I	
chr17	40300821	DNAH6	40300821	Missense_Mutation	C	A	p.L993F	
chr17	49028793	TET3	49028793	Missense_Mutation	C	T	p.E280K	
chr17	49756398	RAB11FIP5	49756398	Missense_Mutation	C	T	p.P270L	
chr17	54502577	TRIM45	54502577	Silent	C	T	p.K448K	
chr17	60089740	ANXA9	60089740	Missense_Mutation	C	A	p.H190N	
chr18	13126106	GPR22	13126106	Missense_Mutation	A	C	p.F416V	
chr18	24287759	SEMA3D	24287759	Silent	G	A	p.F413F	
chr19	15328617	FAT4	15328617	Missense_Mutation	C	A	p.Q1143H	
chr19	50202938	MBD5	50202938	Nonsense_Mutation	G	T	p.G470X	
chr1	107326475	PPFIA3	107326475	Missense_Mutation	G	A	p.R144W	
chr1	116981030	ETV2	116981030	Silent	G	A	p.A239A	
chr1	24088770	MRO	24088770	Missense_Mutation	A	T	p.Q240L	
chr1	49722105	AGPAT4	49722105	Silent	G	A	p.F170F	
chr1	56865484	DSE	56865484	Silent	C	A	p.P220P	
chr1	98308084	FAM120A	98308084	Missense_Mutation	C	A	p.G188V	
chr1	98802174	CENPP	98802174	Missense_Mutation	A	G	p.V214A	
chr20	21839619	MITF	21839619	Nonsense_Mutation	C	T	p.Q11X	
chr20	40562665	PFKFB4	40562665	Silent	C	A	p.G33G	
chr20	49296212	KLF1	49296212	Silent	C	A	p.G91G	
chr20	50914668	DNMT1	50914668	Missense_Mutation	G	T	p.Q724H	
chr20	56030566	CELF5	56030566	Missense_Mutation	C	A	p.A389S	
chr21	27762277	OR51L4	27762277	IGR	G	C	p.P60A	
chr21	29917660	ILK	29917660	Missense_Mutation	C	A	p.P437T	
chr21	32297513	ASCL3	32297513	Missense_Mutation	G	T	p.P77Q	
chr21	40304735	KCNC1	40304735	Silent	T	C	p.F256F	
chr23	13056807	STT3B	13056807	Missense_Mutation	G	T	p.Q219K	
chr23	23310903	RAB5A	23310903	Missense_Mutation	C	A	p.W74L	
chr23	28753810	CPNE4	28753810	Silent	G	T	p.S123S	
chr23	34305821	DZIP1L	34305821	Missense_Mutation	G	T	p.P350T	
chr23	43907514	HLTF	43907514	Missense_Mutation	A	C	p.L39V	
chr24	18243431	PTPRA	18243431	Missense_Mutation	C	A	p.R389L	
chr24	20670961	DEFB127	20670961	Missense_Mutation	C	G	p.R38T	
chr24	30284776	PTPRT	30284776	Silent	T	A	p.P557P	
chr24	32927035	ENSCAFG00000024605	32927035	5'UTR	C	A	p.S20S	
chr25	11388309	FLT1	11388309	Silent	C	A	p.S923S	
chr25	11632617	FLT3	11632617	Missense_Mutation	G	C	p.E209Q	
chr25	20849839	MFAP3L	20849839	Missense_Mutation	C	A	p.E242D	
chr25	25440638	ENSCAFG00000045458	25440638	Missense_Mutation	G	T	p.E185D	
chr25	25442536	ENSCAFG00000045458	25442536	Missense_Mutation	C	T	p.S818L	
chr25	32170885	DOCK5	32170885	Silent	G	C	p.L105L	
chr25	40084442	COL4A3	40084442	Missense_Mutation	G	T	p.R1022S	
chr25	47988997	COL6A3	47988997	Silent	C	A	p.L1913L	
chr26	1737468	RIMBP2	1737468	Silent	G	T	p.T1181T	
chr28	14695270	NOLC1	14695270	Silent	C	A	p.P406P	
chr28	1804740	NCOA4	1804740	Missense_Mutation	T	C	p.N376S	
chr28	35181364	ADAM12	35181364	Silent	G	A	p.H772H	
chr28	7010695	KIF11	7010695	Missense_Mutation	G	T	p.A428S	
chr29	18113235	C29H8orf34	18113235	Missense_Mutation	C	T	p.P382L	
chr2	15305993	ZEB1	15305993	Missense_Mutation	C	A	p.Q558H	
chr2	34401661	DIP2C	34401661	Missense_Mutation	A	G	p.E942G	
chr2	48704775	KIF2A	48704775	Silent	T	A	p.P551P	
chr2	72596596	FAM76A	72596596	Silent	C	A	p.V224V	
chr2	74907952	CLIC4	74907952	Missense_Mutation	C	A	p.E169D	
chr2	80725653	ARHGEF10L	80725653	Missense_Mutation	C	A	p.G368V	
chr30	10516022	ELL3	10516022	Silent	G	T	p.G263G	
chr31	39620365	PCNT	39620365	Missense_Mutation	G	T	p.K899N	
chr32	33118472	ANK2	33118472	Missense_Mutation	C	G	p.P1810A	
chr34	18740548	ETV5	18740548	Missense_Mutation	C	G	p.E358Q	
chr34	19583437	ST6GAL1	19583437	Missense_Mutation	G	A	p.E296K	
chr34	30298924	SI	30298924	Missense_Mutation	C	A	p.M1426I	
chr35	25457797	ZSCAN31	25457797	Nonsense_Mutation	C	A	p.E105X	
chr36	10426340	SCN3A	10426340	IGR	C	T	p.G104D	
chr36	10426395	SCN3A	10426395	IGR	C	G	p.V86L	
chr36	10426397	SCN3A	10426397	IGR	G	C	p.T85S	
chr36	14588483	UBR3	14588483	Silent	C	T	p.F501F	
chr36	22384660	TTN	22384660	Silent	C	A	p.G1931G	
chr37	166932	WDR75	166932	Missense_Mutation	C	A	p.F116L	
chr4	31252450	ENSCAFG00000015882	31252450	Intron	G	A	p.G119E	
chr4	4231299	LYST	4231299	Nonsense_Mutation	G	T	p.G2910X	
chr4	60374588	FBXO38	60374588	Silent	G	T	p.G782G	
chr5	10495323	OR10G6	10495323	Silent	C	A	p.S154S	
chr5	28570852	DYNC2H1	28570852	Nonsense_Mutation	G	A	p.Q3613X	
chr5	41701755	RAI1	41701755	Silent	C	T	p.E603E	
chr5	54884580	CDCP2	54884580	Missense_Mutation	G	T	p.R265L	
chr5	76640735	VAC14	76640735	Missense_Mutation	G	A	p.S715F	
chr6	24351777	DNAH3	24351777	Missense_Mutation	G	T	p.G1498C	
chr6	31787511	CIITA	31787511	Missense_Mutation	G	T	p.L656M	
chr6	38450487	PDPK1	38450487	Missense_Mutation	G	T	p.A258E	
chr6	63478559	DNASE2B	63478559	Silent	G	T	p.L75L	
chr7	20436060	AXDND1	20436060	Missense_Mutation	C	T	p.A193T	
chr7	40794986	ENSCAFG00000046060	40794986	IGR	A	G	p.D138G	
chr7	41164701	INSRR	41164701	Missense_Mutation	G	A	p.R127H	
chr8	27554313	TMX1	27554313	Missense_Mutation	G	T	p.E235D	
chr9	20748509	KCNH4	20748509	Missense_Mutation	C	A	p.Q809K	
chr9	21417974	KRT33A	21417974	Silent	C	A	p.S387S	
chr9	21945487	KRT25	21945487	Silent	G	T	p.L348L	
chr9	33116963	MTMR4	33116963	Nonsense_Mutation	C	A	p.E666X	
chr9	34174585	CLTC	34174585	Silent	C	A	p.P1503P	
chr9	45924378	SMYD4	45924378	Silent	C	T	p.E160E	
chr9	48285440	PNPLA7	48285440	Silent	C	A	p.A1249A	
chr9	49497384	CAMSAP1	49497384	Missense_Mutation	G	T	p.M241I	
chr9	55100714	ENSCAFG00000020060	55100714	Missense_Mutation	C	T	p.R61C	
chr9	55376719	SLC25A25	55376719	Missense_Mutation	G	T	p.A34D	
